frame_version,formato,duracion,descriptor,n_util,p33,p50,p67,min,max,fallback_global
mm-2026-08-v1,informativo,corto,ritmo_ppm,32,141.0667,154.7,171.9667,69.1,239.0,False
mm-2026-08-v1,informativo,corto,cifras_100w,32,1.51,1.64,2.48,0.19,14.57,False
mm-2026-08-v1,informativo,corto,atribucion_1000w,32,0.0,0.0,1.7567,0.0,19.11,False
mm-2026-08-v1,informativo,corto,mattr_200,32,0.5342,0.5632,0.5793,0.4375,0.6298,False
mm-2026-08-v1,informativo,corto,conectores_1000w,32,4.8933,8.34,9.8367,0.0,18.78,False
mm-2026-08-v1,informativo,corto,enlaces_externos,32,0.0,1.0,1.0,0.0,19.0,False
mm-2026-08-v1,informativo,corto,promocional_1000w,32,0.0,0.0,0.0,0.0,4.67,False
mm-2026-08-v1,informativo,corto,cobertura_titulo,32,0.5333,0.6905,0.8,0.286,1.0,False
mm-2026-08-v1,informativo,medio,ritmo_ppm,31,139.6,161.0,171.8,67.8,211.3,False
mm-2026-08-v1,informativo,medio,cifras_100w,31,1.97,2.2,2.56,0.66,7.23,False
mm-2026-08-v1,informativo,medio,atribucion_1000w,31,0.23,0.38,0.67,0.0,2.21,False
mm-2026-08-v1,informativo,medio,mattr_200,31,0.5572,0.5653,0.6,0.4408,0.676,False
mm-2026-08-v1,informativo,medio,conectores_1000w,31,6.69,8.95,10.12,0.0,20.18,False
mm-2026-08-v1,informativo,medio,enlaces_externos,31,0.0,1.0,1.0,0.0,10.0,False
mm-2026-08-v1,informativo,medio,promocional_1000w,31,0.0,0.0,0.28,0.0,2.08,False
mm-2026-08-v1,informativo,medio,cobertura_titulo,31,0.5,0.75,0.8,0.333,1.0,False
mm-2026-08-v1,informativo,largo,ritmo_ppm,33,135.6667,139.1,145.2,77.8,220.7,False
mm-2026-08-v1,informativo,largo,cifras_100w,33,1.8367,2.16,2.57,0.97,4.97,False
mm-2026-08-v1,informativo,largo,atribucion_1000w,33,0.3167,0.64,0.7967,0.0,3.63,False
mm-2026-08-v1,informativo,largo,mattr_200,33,0.5539,0.5662,0.5782,0.4309,0.6813,False
mm-2026-08-v1,informativo,largo,conectores_1000w,33,7.6033,10.08,11.6833,0.27,18.64,False
mm-2026-08-v1,informativo,largo,enlaces_externos,33,0.0,0.0,1.0,0.0,11.0,False
mm-2026-08-v1,informativo,largo,promocional_1000w,33,0.0,0.0,0.2433,0.0,2.08,False
mm-2026-08-v1,informativo,largo,cobertura_titulo,33,0.667,0.833,0.8797,0.2,1.0,False
mm-2026-08-v1,practico_personal,corto,ritmo_ppm,25,134.9,145.7,161.4,80.3,218.6,False
mm-2026-08-v1,practico_personal,corto,cifras_100w,25,1.17,2.09,2.49,0.0,6.65,False
mm-2026-08-v1,practico_personal,corto,atribucion_1000w,25,0.0,0.0,0.0,0.0,2.48,False
mm-2026-08-v1,practico_personal,corto,mattr_200,25,0.525,0.555,0.5717,0.45,0.6327,False
mm-2026-08-v1,practico_personal,corto,conectores_1000w,25,5.85,9.28,11.13,0.0,17.28,False
mm-2026-08-v1,practico_personal,corto,enlaces_externos,25,0.0,0.0,1.0,0.0,24.0,False
mm-2026-08-v1,practico_personal,corto,promocional_1000w,25,0.0,0.0,0.0,0.0,1.68,False
mm-2026-08-v1,practico_personal,corto,cobertura_titulo,25,0.429,0.5,0.667,0.167,1.0,False
mm-2026-08-v1,practico_personal,medio,ritmo_ppm,28,126.8,140.9,159.1,84.8,191.9,False
mm-2026-08-v1,practico_personal,medio,cifras_100w,28,1.38,1.755,2.28,0.05,4.15,False
mm-2026-08-v1,practico_personal,medio,atribucion_1000w,28,0.0,0.11,0.4,0.0,3.26,False
mm-2026-08-v1,practico_personal,medio,mattr_200,28,0.5665,0.5811,0.5992,0.4633,0.6305,False
mm-2026-08-v1,practico_personal,medio,conectores_1000w,28,8.71,11.245,12.02,0.0,28.66,False
mm-2026-08-v1,practico_personal,medio,enlaces_externos,28,0.0,0.0,1.0,0.0,4.0,False
mm-2026-08-v1,practico_personal,medio,promocional_1000w,28,0.0,0.0,0.48,0.0,3.54,False
mm-2026-08-v1,practico_personal,medio,cobertura_titulo,28,0.6,0.6905,0.75,0.2,1.0,False
mm-2026-08-v1,practico_personal,largo,ritmo_ppm,28,124.0,141.8,162.4,90.0,191.2,False
mm-2026-08-v1,practico_personal,largo,cifras_100w,28,1.47,1.88,2.31,0.93,12.73,False
mm-2026-08-v1,practico_personal,largo,atribucion_1000w,28,0.0,0.06,0.21,0.0,5.81,False
mm-2026-08-v1,practico_personal,largo,mattr_200,28,0.5385,0.5501,0.5708,0.4198,0.6466,False
mm-2026-08-v1,practico_personal,largo,conectores_1000w,28,6.68,10.115,13.41,2.24,19.47,False
mm-2026-08-v1,practico_personal,largo,enlaces_externos,28,0.0,0.0,0.0,0.0,15.0,False
mm-2026-08-v1,practico_personal,largo,promocional_1000w,28,0.0,0.105,0.21,0.0,0.88,False
mm-2026-08-v1,practico_personal,largo,cobertura_titulo,28,0.667,0.75,0.833,0.3,1.0,False
mm-2026-08-v1,entretenimiento,corto,ritmo_ppm,22,113.7,136.05,158.5,68.1,237.7,False
mm-2026-08-v1,entretenimiento,corto,cifras_100w,22,0.86,1.03,1.32,0.0,5.82,False
mm-2026-08-v1,entretenimiento,corto,atribucion_1000w,22,0.0,0.0,0.0,0.0,1.69,False
mm-2026-08-v1,entretenimiento,corto,mattr_200,22,0.545,0.5562,0.5713,0.4138,0.6317,False
mm-2026-08-v1,entretenimiento,corto,conectores_1000w,22,6.45,7.72,13.28,0.0,28.25,False
mm-2026-08-v1,entretenimiento,corto,enlaces_externos,22,0.0,0.0,1.0,0.0,5.0,False
mm-2026-08-v1,entretenimiento,corto,promocional_1000w,22,0.0,0.0,0.0,0.0,9.19,False
mm-2026-08-v1,entretenimiento,corto,cobertura_titulo,22,0.333,0.5635,0.714,0.0,1.0,False
mm-2026-08-v1,entretenimiento,medio,ritmo_ppm,28,129.3,139.85,157.0,75.2,196.6,False
mm-2026-08-v1,entretenimiento,medio,cifras_100w,28,1.28,1.425,1.71,0.29,3.7,False
mm-2026-08-v1,entretenimiento,medio,atribucion_1000w,28,0.0,0.0,0.36,0.0,2.16,False
mm-2026-08-v1,entretenimiento,medio,mattr_200,28,0.5673,0.5744,0.5909,0.324,0.6784,False
mm-2026-08-v1,entretenimiento,medio,conectores_1000w,28,5.67,8.435,10.92,0.0,23.27,False
mm-2026-08-v1,entretenimiento,medio,enlaces_externos,28,0.0,1.0,1.0,0.0,25.0,False
mm-2026-08-v1,entretenimiento,medio,promocional_1000w,28,0.0,0.0,0.51,0.0,1.66,False
mm-2026-08-v1,entretenimiento,medio,cobertura_titulo,28,0.4,0.6125,0.75,0.0,1.0,False
mm-2026-08-v1,entretenimiento,largo,ritmo_ppm,30,123.5,143.4,157.6333,73.2,221.4,False
mm-2026-08-v1,entretenimiento,largo,cifras_100w,30,1.5367,1.625,1.8133,0.79,5.45,False
mm-2026-08-v1,entretenimiento,largo,atribucion_1000w,30,0.1733,0.295,0.42,0.0,1.77,False
mm-2026-08-v1,entretenimiento,largo,mattr_200,30,0.5511,0.5735,0.5942,0.5077,0.6539,False
mm-2026-08-v1,entretenimiento,largo,conectores_1000w,30,7.3733,8.88,10.3833,3.51,20.45,False
mm-2026-08-v1,entretenimiento,largo,enlaces_externos,30,0.0,0.0,1.0,0.0,6.0,False
mm-2026-08-v1,entretenimiento,largo,promocional_1000w,30,0.0,0.09,0.1433,0.0,0.68,False
mm-2026-08-v1,entretenimiento,largo,cobertura_titulo,30,0.5373,0.6125,0.8,0.0,1.0,False
mm-2026-08-v1,deporte_gaming,corto,ritmo_ppm,28,144.9,153.75,163.1,71.3,233.8,False
mm-2026-08-v1,deporte_gaming,corto,cifras_100w,28,1.42,1.875,2.43,0.53,16.46,False
mm-2026-08-v1,deporte_gaming,corto,atribucion_1000w,28,0.0,0.0,0.0,0.0,2.99,False
mm-2026-08-v1,deporte_gaming,corto,mattr_200,28,0.5423,0.5834,0.6035,0.45,0.6488,False
mm-2026-08-v1,deporte_gaming,corto,conectores_1000w,28,4.37,8.015,10.73,0.0,25.28,False
mm-2026-08-v1,deporte_gaming,corto,enlaces_externos,28,0.0,0.0,0.0,0.0,3.0,False
mm-2026-08-v1,deporte_gaming,corto,promocional_1000w,28,0.0,0.585,1.21,0.0,6.95,False
mm-2026-08-v1,deporte_gaming,corto,cobertura_titulo,28,0.5,0.556,0.625,0.0,1.0,False
mm-2026-08-v1,deporte_gaming,medio,ritmo_ppm,30,135.4,166.1,178.3333,77.7,236.9,False
mm-2026-08-v1,deporte_gaming,medio,cifras_100w,30,1.77,1.91,2.4467,0.69,4.92,False
mm-2026-08-v1,deporte_gaming,medio,atribucion_1000w,30,0.0,0.0,0.3433,0.0,2.07,False
mm-2026-08-v1,deporte_gaming,medio,mattr_200,30,0.5638,0.5739,0.5914,0.5033,0.6446,False
mm-2026-08-v1,deporte_gaming,medio,conectores_1000w,30,9.1267,10.115,11.2567,1.83,24.39,False
mm-2026-08-v1,deporte_gaming,medio,enlaces_externos,30,1.0,1.0,2.0,0.0,26.0,False
mm-2026-08-v1,deporte_gaming,medio,promocional_1000w,30,0.0,0.33,0.6633,0.0,2.89,False
mm-2026-08-v1,deporte_gaming,medio,cobertura_titulo,30,0.6,0.667,0.75,0.0,1.0,False
mm-2026-08-v1,deporte_gaming,largo,ritmo_ppm,29,123.5,139.7,160.5,68.7,198.6,False
mm-2026-08-v1,deporte_gaming,largo,cifras_100w,29,1.7167,2.35,2.5433,0.65,5.76,False
mm-2026-08-v1,deporte_gaming,largo,atribucion_1000w,29,0.0,0.12,0.1567,0.0,1.13,False
mm-2026-08-v1,deporte_gaming,largo,mattr_200,29,0.5323,0.5498,0.5604,0.4761,0.6094,False
mm-2026-08-v1,deporte_gaming,largo,conectores_1000w,29,7.1867,9.07,11.0567,2.19,18.52,False
mm-2026-08-v1,deporte_gaming,largo,enlaces_externos,29,0.0,1.0,1.6667,0.0,11.0,False
mm-2026-08-v1,deporte_gaming,largo,promocional_1000w,29,0.0833,0.16,0.2467,0.0,1.09,False
mm-2026-08-v1,deporte_gaming,largo,cobertura_titulo,29,0.561,0.667,0.8,0.25,1.0,False
